Relative Compactness,Surface Area,Wall Area,Roof Area,Overall Height,Orientation,Glazing Area,Glazing Area Distribution,Heating Load,Binary Classes,Multi-Classes
0.98,514.5,294.0,110.25,7.0,2,0.0,0,15.55,Low Level,Level 2
0.98,514.5,294.0,110.25,7.0,3,0.0,0,15.55,Low Level,Level 2
0.98,514.5,294.0,110.25,7.0,4,0.0,0,15.55,Low Level,Level 2
0.98,514.5,294.0,110.25,7.0,5,0.0,0,15.55,Low Level,Level 2
0.9,563.5,318.5,122.5,7.0,2,0.0,0,20.84,Low Level,Level 2
0.9,563.5,318.5,122.5,7.0,3,0.0,0,21.46,Low Level,Level 2
0.9,563.5,318.5,122.5,7.0,4,0.0,0,20.71,Low Level,Level 2
0.9,563.5,318.5,122.5,7.0,5,0.0,0,19.68,Low Level,Level 2
0.86,588.0,294.0,147.0,7.0,2,0.0,0,19.5,Low Level,Level 2
0.86,588.0,294.0,147.0,7.0,3,0.0,0,19.95,Low Level,Level 2
0.86,588.0,294.0,147.0,7.0,4,0.0,0,19.34,Low Level,Level 2
0.86,588.0,294.0,147.0,7.0,5,0.0,0,18.31,Low Level,Level 2
0.82,612.5,318.5,147.0,7.0,2,0.0,0,17.05,Low Level,Level 2
0.82,612.5,318.5,147.0,7.0,3,0.0,0,17.41,Low Level,Level 2
0.82,612.5,318.5,147.0,7.0,4,0.0,0,16.95,Low Level,Level 2
0.82,612.5,318.5,147.0,7.0,5,0.0,0,15.98,Low Level,Level 2
0.79,637.0,343.0,147.0,7.0,2,0.0,0,28.52,Low Level,Level 3
0.79,637.0,343.0,147.0,7.0,3,0.0,0,29.9,Low Level,Level 3
0.79,637.0,343.0,147.0,7.0,4,0.0,0,29.63,Low Level,Level 3
0.79,637.0,343.0,147.0,7.0,5,0.0,0,28.75,Low Level,Level 3
0.76,661.5,416.5,122.5,7.0,2,0.0,0,24.77,Low Level,Level 2
0.76,661.5,416.5,122.5,7.0,3,0.0,0,23.93,Low Level,Level 2
0.76,661.5,416.5,122.5,7.0,4,0.0,0,24.77,Low Level,Level 2
0.76,661.5,416.5,122.5,7.0,5,0.0,0,23.93,Low Level,Level 2
0.74,686.0,245.0,220.5,3.5,2,0.0,0,6.07,Low Level,Level 1
0.74,686.0,245.0,220.5,3.5,3,0.0,0,6.05,Low Level,Level 1
0.74,686.0,245.0,220.5,3.5,4,0.0,0,6.01,Low Level,Level 1
0.74,686.0,245.0,220.5,3.5,5,0.0,0,6.04,Low Level,Level 1
0.71,710.5,269.5,220.5,3.5,2,0.0,0,6.37,Low Level,Level 1
0.71,710.5,269.5,220.5,3.5,3,0.0,0,6.4,Low Level,Level 1
0.71,710.5,269.5,220.5,3.5,4,0.0,0,6.37,Low Level,Level 1
0.71,710.5,269.5,220.5,3.5,5,0.0,0,6.4,Low Level,Level 1
0.69,735.0,294.0,220.5,3.5,2,0.0,0,6.85,Low Level,Level 1
0.69,735.0,294.0,220.5,3.5,3,0.0,0,6.79,Low Level,Level 1
0.69,735.0,294.0,220.5,3.5,4,0.0,0,6.77,Low Level,Level 1
0.69,735.0,294.0,220.5,3.5,5,0.0,0,6.81,Low Level,Level 1
0.66,759.5,318.5,220.5,3.5,2,0.0,0,7.18,Low Level,Level 1
0.66,759.5,318.5,220.5,3.5,3,0.0,0,7.1,Low Level,Level 1
0.66,759.5,318.5,220.5,3.5,4,0.0,0,7.1,Low Level,Level 1
0.66,759.5,318.5,220.5,3.5,5,0.0,0,7.1,Low Level,Level 1
0.64,784.0,343.0,220.5,3.5,2,0.0,0,10.85,Low Level,Level 1
0.64,784.0,343.0,220.5,3.5,3,0.0,0,10.54,Low Level,Level 1
0.64,784.0,343.0,220.5,3.5,4,0.0,0,10.77,Low Level,Level 1
0.64,784.0,343.0,220.5,3.5,5,0.0,0,10.56,Low Level,Level 1
0.62,808.5,367.5,220.5,3.5,2,0.0,0,8.6,Low Level,Level 1
0.62,808.5,367.5,220.5,3.5,3,0.0,0,8.49,Low Level,Level 1
0.62,808.5,367.5,220.5,3.5,4,0.0,0,8.45,Low Level,Level 1
0.62,808.5,367.5,220.5,3.5,5,0.0,0,8.5,Low Level,Level 1
0.98,514.5,294.0,110.25,7.0,2,0.1,1,24.58,Low Level,Level 2
0.98,514.5,294.0,110.25,7.0,3,0.1,1,24.63,Low Level,Level 2
0.98,514.5,294.0,110.25,7.0,4,0.1,1,24.63,Low Level,Level 2
0.98,514.5,294.0,110.25,7.0,5,0.1,1,24.59,Low Level,Level 2
0.9,563.5,318.5,122.5,7.0,2,0.1,1,29.03,Low Level,Level 3
0.9,563.5,318.5,122.5,7.0,3,0.1,1,29.87,Low Level,Level 3
0.9,563.5,318.5,122.5,7.0,4,0.1,1,29.14,Low Level,Level 3
0.9,563.5,318.5,122.5,7.0,5,0.1,1,28.09,Low Level,Level 2
0.86,588.0,294.0,147.0,7.0,2,0.1,1,26.28,Low Level,Level 2
0.86,588.0,294.0,147.0,7.0,3,0.1,1,26.91,Low Level,Level 2
0.86,588.0,294.0,147.0,7.0,4,0.1,1,26.37,Low Level,Level 2
0.86,588.0,294.0,147.0,7.0,5,0.1,1,25.27,Low Level,Level 2
0.82,612.5,318.5,147.0,7.0,2,0.1,1,23.53,Low Level,Level 2
0.82,612.5,318.5,147.0,7.0,3,0.1,1,24.03,Low Level,Level 2
0.82,612.5,318.5,147.0,7.0,4,0.1,1,23.54,Low Level,Level 2
0.82,612.5,318.5,147.0,7.0,5,0.1,1,22.58,Low Level,Level 2
0.79,637.0,343.0,147.0,7.0,2,0.1,1,35.56,High Level,Level 4
0.79,637.0,343.0,147.0,7.0,3,0.1,1,37.12,High Level,Level 4
0.79,637.0,343.0,147.0,7.0,4,0.1,1,36.9,High Level,Level 4
0.79,637.0,343.0,147.0,7.0,5,0.1,1,35.94,High Level,Level 4
0.76,661.5,416.5,122.5,7.0,2,0.1,1,32.96,High Level,Level 3
0.76,661.5,416.5,122.5,7.0,3,0.1,1,32.12,Low Level,Level 3
0.76,661.5,416.5,122.5,7.0,4,0.1,1,32.94,High Level,Level 3
0.76,661.5,416.5,122.5,7.0,5,0.1,1,32.21,Low Level,Level 3
0.74,686.0,245.0,220.5,3.5,2,0.1,1,10.36,Low Level,Level 1
0.74,686.0,245.0,220.5,3.5,3,0.1,1,10.43,Low Level,Level 1
0.74,686.0,245.0,220.5,3.5,4,0.1,1,10.36,Low Level,Level 1
0.74,686.0,245.0,220.5,3.5,5,0.1,1,10.39,Low Level,Level 1
0.71,710.5,269.5,220.5,3.5,2,0.1,1,10.71,Low Level,Level 1
0.71,710.5,269.5,220.5,3.5,3,0.1,1,10.8,Low Level,Level 1
0.71,710.5,269.5,220.5,3.5,4,0.1,1,10.7,Low Level,Level 1
0.71,710.5,269.5,220.5,3.5,5,0.1,1,10.75,Low Level,Level 1
0.69,735.0,294.0,220.5,3.5,2,0.1,1,11.11,Low Level,Level 1
0.69,735.0,294.0,220.5,3.5,3,0.1,1,11.13,Low Level,Level 1
0.69,735.0,294.0,220.5,3.5,4,0.1,1,11.09,Low Level,Level 1
0.69,735.0,294.0,220.5,3.5,5,0.1,1,11.16,Low Level,Level 1
0.66,759.5,318.5,220.5,3.5,2,0.1,1,11.68,Low Level,Level 1
0.66,759.5,318.5,220.5,3.5,3,0.1,1,11.69,Low Level,Level 1
0.66,759.5,318.5,220.5,3.5,4,0.1,1,11.7,Low Level,Level 1
0.66,759.5,318.5,220.5,3.5,5,0.1,1,11.69,Low Level,Level 1
0.64,784.0,343.0,220.5,3.5,2,0.1,1,15.41,Low Level,Level 2
0.64,784.0,343.0,220.5,3.5,3,0.1,1,15.2,Low Level,Level 1
0.64,784.0,343.0,220.5,3.5,4,0.1,1,15.42,Low Level,Level 2
0.64,784.0,343.0,220.5,3.5,5,0.1,1,15.21,Low Level,Level 1
0.62,808.5,367.5,220.5,3.5,2,0.1,1,12.96,Low Level,Level 1
0.62,808.5,367.5,220.5,3.5,3,0.1,1,12.97,Low Level,Level 1
0.62,808.5,367.5,220.5,3.5,4,0.1,1,12.93,Low Level,Level 1
0.62,808.5,367.5,220.5,3.5,5,0.1,1,13.02,Low Level,Level 1
0.98,514.5,294.0,110.25,7.0,2,0.1,2,24.29,Low Level,Level 2
0.98,514.5,294.0,110.25,7.0,3,0.1,2,24.31,Low Level,Level 2
0.98,514.5,294.0,110.25,7.0,4,0.1,2,24.13,Low Level,Level 2
0.98,514.5,294.0,110.25,7.0,5,0.1,2,24.25,Low Level,Level 2
0.9,563.5,318.5,122.5,7.0,2,0.1,2,28.88,Low Level,Level 3
0.9,563.5,318.5,122.5,7.0,3,0.1,2,29.68,Low Level,Level 3
0.9,563.5,318.5,122.5,7.0,4,0.1,2,28.83,Low Level,Level 3
0.9,563.5,318.5,122.5,7.0,5,0.1,2,27.9,Low Level,Level 2
0.86,588.0,294.0,147.0,7.0,2,0.1,2,26.48,Low Level,Level 2
0.86,588.0,294.0,147.0,7.0,3,0.1,2,27.02,Low Level,Level 2
0.86,588.0,294.0,147.0,7.0,4,0.1,2,26.33,Low Level,Level 2
0.86,588.0,294.0,147.0,7.0,5,0.1,2,25.36,Low Level,Level 2
0.82,612.5,318.5,147.0,7.0,2,0.1,2,23.75,Low Level,Level 2
0.82,612.5,318.5,147.0,7.0,3,0.1,2,24.23,Low Level,Level 2
0.82,612.5,318.5,147.0,7.0,4,0.1,2,23.67,Low Level,Level 2
0.82,612.5,318.5,147.0,7.0,5,0.1,2,22.79,Low Level,Level 2
0.79,637.0,343.0,147.0,7.0,2,0.1,2,35.65,High Level,Level 4
0.79,637.0,343.0,147.0,7.0,3,0.1,2,37.26,High Level,Level 4
0.79,637.0,343.0,147.0,7.0,4,0.1,2,36.97,High Level,Level 4
0.79,637.0,343.0,147.0,7.0,5,0.1,2,36.03,High Level,Level 4
0.76,661.5,416.5,122.5,7.0,2,0.1,2,33.16,High Level,Level 3
0.76,661.5,416.5,122.5,7.0,3,0.1,2,32.4,Low Level,Level 3
0.76,661.5,416.5,122.5,7.0,4,0.1,2,33.12,High Level,Level 3
0.76,661.5,416.5,122.5,7.0,5,0.1,2,32.41,Low Level,Level 3
0.74,686.0,245.0,220.5,3.5,2,0.1,2,10.42,Low Level,Level 1
0.74,686.0,245.0,220.5,3.5,3,0.1,2,10.46,Low Level,Level 1
0.74,686.0,245.0,220.5,3.5,4,0.1,2,10.32,Low Level,Level 1
0.74,686.0,245.0,220.5,3.5,5,0.1,2,10.45,Low Level,Level 1
0.71,710.5,269.5,220.5,3.5,2,0.1,2,10.64,Low Level,Level 1
0.71,710.5,269.5,220.5,3.5,3,0.1,2,10.72,Low Level,Level 1
0.71,710.5,269.5,220.5,3.5,4,0.1,2,10.55,Low Level,Level 1
0.71,710.5,269.5,220.5,3.5,5,0.1,2,10.68,Low Level,Level 1
0.69,735.0,294.0,220.5,3.5,2,0.1,2,11.45,Low Level,Level 1
0.69,735.0,294.0,220.5,3.5,3,0.1,2,11.46,Low Level,Level 1
0.69,735.0,294.0,220.5,3.5,4,0.1,2,11.32,Low Level,Level 1
0.69,735.0,294.0,220.5,3.5,5,0.1,2,11.49,Low Level,Level 1
0.66,759.5,318.5,220.5,3.5,2,0.1,2,11.45,Low Level,Level 1
0.66,759.5,318.5,220.5,3.5,3,0.1,2,11.42,Low Level,Level 1
0.66,759.5,318.5,220.5,3.5,4,0.1,2,11.33,Low Level,Level 1
0.66,759.5,318.5,220.5,3.5,5,0.1,2,11.43,Low Level,Level 1
0.64,784.0,343.0,220.5,3.5,2,0.1,2,15.41,Low Level,Level 2
0.64,784.0,343.0,220.5,3.5,3,0.1,2,15.18,Low Level,Level 1
0.64,784.0,343.0,220.5,3.5,4,0.1,2,15.34,Low Level,Level 1
0.64,784.0,343.0,220.5,3.5,5,0.1,2,15.19,Low Level,Level 1
0.62,808.5,367.5,220.5,3.5,2,0.1,2,12.88,Low Level,Level 1
0.62,808.5,367.5,220.5,3.5,3,0.1,2,13.0,Low Level,Level 1
0.62,808.5,367.5,220.5,3.5,4,0.1,2,12.97,Low Level,Level 1
0.62,808.5,367.5,220.5,3.5,5,0.1,2,13.04,Low Level,Level 1
0.98,514.5,294.0,110.25,7.0,2,0.1,3,24.28,Low Level,Level 2
0.98,514.5,294.0,110.25,7.0,3,0.1,3,24.4,Low Level,Level 2
0.98,514.5,294.0,110.25,7.0,4,0.1,3,24.11,Low Level,Level 2
0.98,514.5,294.0,110.25,7.0,5,0.1,3,24.35,Low Level,Level 2
0.9,563.5,318.5,122.5,7.0,2,0.1,3,28.07,Low Level,Level 2
0.9,563.5,318.5,122.5,7.0,3,0.1,3,29.01,Low Level,Level 3
0.9,563.5,318.5,122.5,7.0,4,0.1,3,29.62,Low Level,Level 3
0.9,563.5,318.5,122.5,7.0,5,0.1,3,29.05,Low Level,Level 3
0.86,588.0,294.0,147.0,7.0,2,0.1,3,25.41,Low Level,Level 2
0.86,588.0,294.0,147.0,7.0,3,0.1,3,26.47,Low Level,Level 2
0.86,588.0,294.0,147.0,7.0,4,0.1,3,26.89,Low Level,Level 2
0.86,588.0,294.0,147.0,7.0,5,0.1,3,26.46,Low Level,Level 2
0.82,612.5,318.5,147.0,7.0,2,0.1,3,22.93,Low Level,Level 2
0.82,612.5,318.5,147.0,7.0,3,0.1,3,23.84,Low Level,Level 2
0.82,612.5,318.5,147.0,7.0,4,0.1,3,24.17,Low Level,Level 2
0.82,612.5,318.5,147.0,7.0,5,0.1,3,23.87,Low Level,Level 2
0.79,637.0,343.0,147.0,7.0,2,0.1,3,35.78,High Level,Level 4
0.79,637.0,343.0,147.0,7.0,3,0.1,3,35.48,High Level,Level 4
0.79,637.0,343.0,147.0,7.0,4,0.1,3,36.97,High Level,Level 4
0.79,637.0,343.0,147.0,7.0,5,0.1,3,36.7,High Level,Level 4
0.76,661.5,416.5,122.5,7.0,2,0.1,3,32.52,High Level,Level 3
0.76,661.5,416.5,122.5,7.0,3,0.1,3,33.28,High Level,Level 3
0.76,661.5,416.5,122.5,7.0,4,0.1,3,32.33,Low Level,Level 3
0.76,661.5,416.5,122.5,7.0,5,0.1,3,33.24,High Level,Level 3
0.74,686.0,245.0,220.5,3.5,2,0.1,3,10.39,Low Level,Level 1
0.74,686.0,245.0,220.5,3.5,3,0.1,3,10.34,Low Level,Level 1
0.74,686.0,245.0,220.5,3.5,4,0.1,3,10.35,Low Level,Level 1
0.74,686.0,245.0,220.5,3.5,5,0.1,3,10.38,Low Level,Level 1
0.71,710.5,269.5,220.5,3.5,2,0.1,3,10.77,Low Level,Level 1
0.71,710.5,269.5,220.5,3.5,3,0.1,3,10.68,Low Level,Level 1
0.71,710.5,269.5,220.5,3.5,4,0.1,3,10.68,Low Level,Level 1
0.71,710.5,269.5,220.5,3.5,5,0.1,3,10.7,Low Level,Level 1
0.69,735.0,294.0,220.5,3.5,2,0.1,3,11.22,Low Level,Level 1
0.69,735.0,294.0,220.5,3.5,3,0.1,3,11.16,Low Level,Level 1
0.69,735.0,294.0,220.5,3.5,4,0.1,3,11.1,Low Level,Level 1
0.69,735.0,294.0,220.5,3.5,5,0.1,3,11.14,Low Level,Level 1
0.66,759.5,318.5,220.5,3.5,2,0.1,3,11.59,Low Level,Level 1
0.66,759.5,318.5,220.5,3.5,3,0.1,3,11.6,Low Level,Level 1
0.66,759.5,318.5,220.5,3.5,4,0.1,3,11.53,Low Level,Level 1
0.66,759.5,318.5,220.5,3.5,5,0.1,3,11.61,Low Level,Level 1
0.64,784.0,343.0,220.5,3.5,2,0.1,3,15.16,Low Level,Level 1
0.64,784.0,343.0,220.5,3.5,3,0.1,3,15.36,Low Level,Level 1
0.64,784.0,343.0,220.5,3.5,4,0.1,3,15.12,Low Level,Level 1
0.64,784.0,343.0,220.5,3.5,5,0.1,3,15.36,Low Level,Level 1
0.62,808.5,367.5,220.5,3.5,2,0.1,3,12.68,Low Level,Level 1
0.62,808.5,367.5,220.5,3.5,3,0.1,3,12.63,Low Level,Level 1
0.62,808.5,367.5,220.5,3.5,4,0.1,3,12.71,Low Level,Level 1
0.62,808.5,367.5,220.5,3.5,5,0.1,3,12.73,Low Level,Level 1
0.98,514.5,294.0,110.25,7.0,2,0.1,4,24.38,Low Level,Level 2
0.98,514.5,294.0,110.25,7.0,3,0.1,4,24.23,Low Level,Level 2
0.98,514.5,294.0,110.25,7.0,4,0.1,4,24.04,Low Level,Level 2
0.98,514.5,294.0,110.25,7.0,5,0.1,4,24.32,Low Level,Level 2
0.9,563.5,318.5,122.5,7.0,2,0.1,4,29.06,Low Level,Level 3
0.9,563.5,318.5,122.5,7.0,3,0.1,4,28.05,Low Level,Level 2
0.9,563.5,318.5,122.5,7.0,4,0.1,4,28.86,Low Level,Level 3
0.9,563.5,318.5,122.5,7.0,5,0.1,4,29.79,Low Level,Level 3
0.86,588.0,294.0,147.0,7.0,2,0.1,4,26.44,Low Level,Level 2
0.86,588.0,294.0,147.0,7.0,3,0.1,4,25.37,Low Level,Level 2
0.86,588.0,294.0,147.0,7.0,4,0.1,4,26.33,Low Level,Level 2
0.86,588.0,294.0,147.0,7.0,5,0.1,4,27.03,Low Level,Level 2
0.82,612.5,318.5,147.0,7.0,2,0.1,4,23.8,Low Level,Level 2
0.82,612.5,318.5,147.0,7.0,3,0.1,4,22.8,Low Level,Level 2
0.82,612.5,318.5,147.0,7.0,4,0.1,4,23.59,Low Level,Level 2
0.82,612.5,318.5,147.0,7.0,5,0.1,4,24.24,Low Level,Level 2
0.79,637.0,343.0,147.0,7.0,2,0.1,4,36.86,High Level,Level 4
0.79,637.0,343.0,147.0,7.0,3,0.1,4,35.89,High Level,Level 4
0.79,637.0,343.0,147.0,7.0,4,0.1,4,35.45,High Level,Level 4
0.79,637.0,343.0,147.0,7.0,5,0.1,4,37.1,High Level,Level 4
0.76,661.5,416.5,122.5,7.0,2,0.1,4,33.08,High Level,Level 3
0.76,661.5,416.5,122.5,7.0,3,0.1,4,32.38,Low Level,Level 3
0.76,661.5,416.5,122.5,7.0,4,0.1,4,33.09,High Level,Level 3
0.76,661.5,416.5,122.5,7.0,5,0.1,4,32.31,Low Level,Level 3
0.74,686.0,245.0,220.5,3.5,2,0.1,4,10.08,Low Level,Level 1
0.74,686.0,245.0,220.5,3.5,3,0.1,4,10.15,Low Level,Level 1
0.74,686.0,245.0,220.5,3.5,4,0.1,4,10.07,Low Level,Level 1
0.74,686.0,245.0,220.5,3.5,5,0.1,4,10.14,Low Level,Level 1
0.71,710.5,269.5,220.5,3.5,2,0.1,4,10.66,Low Level,Level 1
0.71,710.5,269.5,220.5,3.5,3,0.1,4,10.68,Low Level,Level 1
0.71,710.5,269.5,220.5,3.5,4,0.1,4,10.53,Low Level,Level 1
0.71,710.5,269.5,220.5,3.5,5,0.1,4,10.72,Low Level,Level 1
0.69,735.0,294.0,220.5,3.5,2,0.1,4,11.18,Low Level,Level 1
0.69,735.0,294.0,220.5,3.5,3,0.1,4,11.22,Low Level,Level 1
0.69,735.0,294.0,220.5,3.5,4,0.1,4,11.07,Low Level,Level 1
0.69,735.0,294.0,220.5,3.5,5,0.1,4,11.2,Low Level,Level 1
0.66,759.5,318.5,220.5,3.5,2,0.1,4,11.44,Low Level,Level 1
0.66,759.5,318.5,220.5,3.5,3,0.1,4,11.42,Low Level,Level 1
0.66,759.5,318.5,220.5,3.5,4,0.1,4,11.33,Low Level,Level 1
0.66,759.5,318.5,220.5,3.5,5,0.1,4,11.43,Low Level,Level 1
0.64,784.0,343.0,220.5,3.5,2,0.1,4,15.4,Low Level,Level 1
0.64,784.0,343.0,220.5,3.5,3,0.1,4,15.19,Low Level,Level 1
0.64,784.0,343.0,220.5,3.5,4,0.1,4,15.32,Low Level,Level 1
0.64,784.0,343.0,220.5,3.5,5,0.1,4,15.16,Low Level,Level 1
0.62,808.5,367.5,220.5,3.5,2,0.1,4,12.85,Low Level,Level 1
0.62,808.5,367.5,220.5,3.5,3,0.1,4,13.04,Low Level,Level 1
0.62,808.5,367.5,220.5,3.5,4,0.1,4,13.0,Low Level,Level 1
0.62,808.5,367.5,220.5,3.5,5,0.1,4,13.0,Low Level,Level 1
0.98,514.5,294.0,110.25,7.0,2,0.1,5,24.35,Low Level,Level 2
0.98,514.5,294.0,110.25,7.0,3,0.1,5,24.33,Low Level,Level 2
0.98,514.5,294.0,110.25,7.0,4,0.1,5,24.03,Low Level,Level 2
0.98,514.5,294.0,110.25,7.0,5,0.1,5,24.26,Low Level,Level 2
0.9,563.5,318.5,122.5,7.0,2,0.1,5,29.83,Low Level,Level 3
0.9,563.5,318.5,122.5,7.0,3,0.1,5,29.08,Low Level,Level 3
0.9,563.5,318.5,122.5,7.0,4,0.1,5,28.03,Low Level,Level 2
0.9,563.5,318.5,122.5,7.0,5,0.1,5,29.02,Low Level,Level 3
0.86,588.0,294.0,147.0,7.0,2,0.1,5,27.03,Low Level,Level 2
0.86,588.0,294.0,147.0,7.0,3,0.1,5,26.45,Low Level,Level 2
0.86,588.0,294.0,147.0,7.0,4,0.1,5,25.36,Low Level,Level 2
0.86,588.0,294.0,147.0,7.0,5,0.1,5,26.45,Low Level,Level 2
0.82,612.5,318.5,147.0,7.0,2,0.1,5,24.37,Low Level,Level 2
0.82,612.5,318.5,147.0,7.0,3,0.1,5,23.89,Low Level,Level 2
0.82,612.5,318.5,147.0,7.0,4,0.1,5,22.89,Low Level,Level 2
0.82,612.5,318.5,147.0,7.0,5,0.1,5,23.86,Low Level,Level 2
0.79,637.0,343.0,147.0,7.0,2,0.1,5,37.03,High Level,Level 4
0.79,637.0,343.0,147.0,7.0,3,0.1,5,36.71,High Level,Level 4
0.79,637.0,343.0,147.0,7.0,4,0.1,5,36.77,High Level,Level 4
0.79,637.0,343.0,147.0,7.0,5,0.1,5,35.48,High Level,Level 4
0.76,661.5,416.5,122.5,7.0,2,0.1,5,32.31,Low Level,Level 3
0.76,661.5,416.5,122.5,7.0,3,0.1,5,33.21,High Level,Level 3
0.76,661.5,416.5,122.5,7.0,4,0.1,5,32.46,Low Level,Level 3
0.76,661.5,416.5,122.5,7.0,5,0.1,5,33.27,High Level,Level 3
0.74,686.0,245.0,220.5,3.5,2,0.1,5,10.47,Low Level,Level 1
0.74,686.0,245.0,220.5,3.5,3,0.1,5,10.37,Low Level,Level 1
0.74,686.0,245.0,220.5,3.5,4,0.1,5,10.34,Low Level,Level 1
0.74,686.0,245.0,220.5,3.5,5,0.1,5,10.39,Low Level,Level 1
0.71,710.5,269.5,220.5,3.5,2,0.1,5,10.78,Low Level,Level 1
0.71,710.5,269.5,220.5,3.5,3,0.1,5,10.7,Low Level,Level 1
0.71,710.5,269.5,220.5,3.5,4,0.1,5,10.67,Low Level,Level 1
0.71,710.5,269.5,220.5,3.5,5,0.1,5,13.69,Low Level,Level 1
0.69,735.0,294.0,220.5,3.5,2,0.1,5,11.21,Low Level,Level 1
0.69,735.0,294.0,220.5,3.5,3,0.1,5,11.14,Low Level,Level 1
0.69,735.0,294.0,220.5,3.5,4,0.1,5,11.11,Low Level,Level 1
0.69,735.0,294.0,220.5,3.5,5,0.1,5,11.16,Low Level,Level 1
0.66,759.5,318.5,220.5,3.5,2,0.1,5,11.38,Low Level,Level 1
0.66,759.5,318.5,220.5,3.5,3,0.1,5,11.34,Low Level,Level 1
0.66,759.5,318.5,220.5,3.5,4,0.1,5,11.22,Low Level,Level 1
0.66,759.5,318.5,220.5,3.5,5,0.1,5,11.34,Low Level,Level 1
0.64,784.0,343.0,220.5,3.5,2,0.1,5,15.16,Low Level,Level 1
0.64,784.0,343.0,220.5,3.5,3,0.1,5,15.37,Low Level,Level 1
0.64,784.0,343.0,220.5,3.5,4,0.1,5,15.12,Low Level,Level 1
0.64,784.0,343.0,220.5,3.5,5,0.1,5,15.36,Low Level,Level 1
0.62,808.5,367.5,220.5,3.5,2,0.1,5,12.59,Low Level,Level 1
0.62,808.5,367.5,220.5,3.5,3,0.1,5,12.74,Low Level,Level 1
0.62,808.5,367.5,220.5,3.5,4,0.1,5,12.8,Low Level,Level 1
0.62,808.5,367.5,220.5,3.5,5,0.1,5,12.62,Low Level,Level 1
0.98,514.5,294.0,110.25,7.0,2,0.25,1,28.15,Low Level,Level 2
0.98,514.5,294.0,110.25,7.0,3,0.25,1,28.15,Low Level,Level 2
0.98,514.5,294.0,110.25,7.0,4,0.25,1,28.37,Low Level,Level 2
0.98,514.5,294.0,110.25,7.0,5,0.25,1,28.41,Low Level,Level 3
0.9,563.5,318.5,122.5,7.0,2,0.25,1,32.68,High Level,Level 3
0.9,563.5,318.5,122.5,7.0,3,0.25,1,33.48,High Level,Level 3
0.9,563.5,318.5,122.5,7.0,4,0.25,1,32.84,High Level,Level 3
0.9,563.5,318.5,122.5,7.0,5,0.25,1,32.0,Low Level,Level 3
0.86,588.0,294.0,147.0,7.0,2,0.25,1,29.54,Low Level,Level 3
0.86,588.0,294.0,147.0,7.0,3,0.25,1,30.05,Low Level,Level 3
0.86,588.0,294.0,147.0,7.0,4,0.25,1,29.6,Low Level,Level 3
0.86,588.0,294.0,147.0,7.0,5,0.25,1,28.66,Low Level,Level 3
0.82,612.5,318.5,147.0,7.0,2,0.25,1,26.84,Low Level,Level 2
0.82,612.5,318.5,147.0,7.0,3,0.25,1,27.27,Low Level,Level 2
0.82,612.5,318.5,147.0,7.0,4,0.25,1,26.97,Low Level,Level 2
0.82,612.5,318.5,147.0,7.0,5,0.25,1,26.19,Low Level,Level 2
0.79,637.0,343.0,147.0,7.0,2,0.25,1,38.67,High Level,Level 4
0.79,637.0,343.0,147.0,7.0,3,0.25,1,40.03,High Level,Level 4
0.79,637.0,343.0,147.0,7.0,4,0.25,1,39.86,High Level,Level 4
0.79,637.0,343.0,147.0,7.0,5,0.25,1,39.04,High Level,Level 4
0.76,661.5,416.5,122.5,7.0,2,0.25,1,36.96,High Level,Level 4
0.76,661.5,416.5,122.5,7.0,3,0.25,1,36.13,High Level,Level 4
0.76,661.5,416.5,122.5,7.0,4,0.25,1,36.91,High Level,Level 4
0.76,661.5,416.5,122.5,7.0,5,0.25,1,36.43,High Level,Level 4
0.74,686.0,245.0,220.5,3.5,2,0.25,1,12.43,Low Level,Level 1
0.74,686.0,245.0,220.5,3.5,3,0.25,1,12.5,Low Level,Level 1
0.74,686.0,245.0,220.5,3.5,4,0.25,1,12.41,Low Level,Level 1
0.74,686.0,245.0,220.5,3.5,5,0.25,1,12.45,Low Level,Level 1
0.71,710.5,269.5,220.5,3.5,2,0.25,1,12.57,Low Level,Level 1
0.71,710.5,269.5,220.5,3.5,3,0.25,1,12.65,Low Level,Level 1
0.71,710.5,269.5,220.5,3.5,4,0.25,1,12.57,Low Level,Level 1
0.71,710.5,269.5,220.5,3.5,5,0.25,1,12.63,Low Level,Level 1
0.69,735.0,294.0,220.5,3.5,2,0.25,1,12.78,Low Level,Level 1
0.69,735.0,294.0,220.5,3.5,3,0.25,1,12.93,Low Level,Level 1
0.69,735.0,294.0,220.5,3.5,4,0.25,1,12.73,Low Level,Level 1
0.69,735.0,294.0,220.5,3.5,5,0.25,1,12.72,Low Level,Level 1
0.66,759.5,318.5,220.5,3.5,2,0.25,1,13.17,Low Level,Level 1
0.66,759.5,318.5,220.5,3.5,3,0.25,1,13.18,Low Level,Level 1
0.66,759.5,318.5,220.5,3.5,4,0.25,1,13.17,Low Level,Level 1
0.66,759.5,318.5,220.5,3.5,5,0.25,1,13.18,Low Level,Level 1
0.64,784.0,343.0,220.5,3.5,2,0.25,1,17.5,Low Level,Level 2
0.64,784.0,343.0,220.5,3.5,3,0.25,1,17.35,Low Level,Level 2
0.64,784.0,343.0,220.5,3.5,4,0.25,1,17.52,Low Level,Level 2
0.64,784.0,343.0,220.5,3.5,5,0.25,1,17.37,Low Level,Level 2
0.62,808.5,367.5,220.5,3.5,2,0.25,1,15.09,Low Level,Level 1
0.62,808.5,367.5,220.5,3.5,3,0.25,1,15.12,Low Level,Level 1
0.62,808.5,367.5,220.5,3.5,4,0.25,1,15.08,Low Level,Level 1
0.62,808.5,367.5,220.5,3.5,5,0.25,1,15.16,Low Level,Level 1
0.98,514.5,294.0,110.25,7.0,2,0.25,2,28.67,Low Level,Level 3
0.98,514.5,294.0,110.25,7.0,3,0.25,2,28.57,Low Level,Level 3
0.98,514.5,294.0,110.25,7.0,4,0.25,2,28.18,Low Level,Level 2
0.98,514.5,294.0,110.25,7.0,5,0.25,2,28.6,Low Level,Level 3
0.9,563.5,318.5,122.5,7.0,2,0.25,2,32.46,Low Level,Level 3
0.9,563.5,318.5,122.5,7.0,3,0.25,2,33.27,High Level,Level 3
0.9,563.5,318.5,122.5,7.0,4,0.25,2,32.33,Low Level,Level 3
0.9,563.5,318.5,122.5,7.0,5,0.25,2,31.66,Low Level,Level 3
0.86,588.0,294.0,147.0,7.0,2,0.25,2,29.34,Low Level,Level 3
0.86,588.0,294.0,147.0,7.0,3,0.25,2,29.87,Low Level,Level 3
0.86,588.0,294.0,147.0,7.0,4,0.25,2,29.27,Low Level,Level 3
0.86,588.0,294.0,147.0,7.0,5,0.25,2,28.4,Low Level,Level 3
0.82,612.5,318.5,147.0,7.0,2,0.25,2,25.74,Low Level,Level 2
0.82,612.5,318.5,147.0,7.0,3,0.25,2,25.98,Low Level,Level 2
0.82,612.5,318.5,147.0,7.0,4,0.25,2,25.38,Low Level,Level 2
0.82,612.5,318.5,147.0,7.0,5,0.25,2,24.94,Low Level,Level 2
0.79,637.0,343.0,147.0,7.0,2,0.25,2,38.57,High Level,Level 4
0.79,637.0,343.0,147.0,7.0,3,0.25,2,40.19,High Level,Level 4
0.79,637.0,343.0,147.0,7.0,4,0.25,2,39.97,High Level,Level 4
0.79,637.0,343.0,147.0,7.0,5,0.25,2,38.98,High Level,Level 4
0.76,661.5,416.5,122.5,7.0,2,0.25,2,36.95,High Level,Level 4
0.76,661.5,416.5,122.5,7.0,3,0.25,2,36.28,High Level,Level 4
0.76,661.5,416.5,122.5,7.0,4,0.25,2,36.86,High Level,Level 4
0.76,661.5,416.5,122.5,7.0,5,0.25,2,36.45,High Level,Level 4
0.74,686.0,245.0,220.5,3.5,2,0.25,2,12.35,Low Level,Level 1
0.74,686.0,245.0,220.5,3.5,3,0.25,2,12.45,Low Level,Level 1
0.74,686.0,245.0,220.5,3.5,4,0.25,2,12.16,Low Level,Level 1
0.74,686.0,245.0,220.5,3.5,5,0.25,2,12.3,Low Level,Level 1
0.71,710.5,269.5,220.5,3.5,2,0.25,2,12.33,Low Level,Level 1
0.71,710.5,269.5,220.5,3.5,3,0.25,2,12.29,Low Level,Level 1
0.71,710.5,269.5,220.5,3.5,4,0.25,2,12.2,Low Level,Level 1
0.71,710.5,269.5,220.5,3.5,5,0.25,2,12.49,Low Level,Level 1
0.69,735.0,294.0,220.5,3.5,2,0.25,2,12.85,Low Level,Level 1
0.69,735.0,294.0,220.5,3.5,3,0.25,2,12.87,Low Level,Level 1
0.69,735.0,294.0,220.5,3.5,4,0.25,2,12.73,Low Level,Level 1
0.69,735.0,294.0,220.5,3.5,5,0.25,2,12.95,Low Level,Level 1
0.66,759.5,318.5,220.5,3.5,2,0.25,2,13.05,Low Level,Level 1
0.66,759.5,318.5,220.5,3.5,3,0.25,2,12.93,Low Level,Level 1
0.66,759.5,318.5,220.5,3.5,4,0.25,2,12.77,Low Level,Level 1
0.66,759.5,318.5,220.5,3.5,5,0.25,2,13.0,Low Level,Level 1
0.64,784.0,343.0,220.5,3.5,2,0.25,2,17.14,Low Level,Level 2
0.64,784.0,343.0,220.5,3.5,3,0.25,2,16.84,Low Level,Level 2
0.64,784.0,343.0,220.5,3.5,4,0.25,2,17.02,Low Level,Level 2
0.64,784.0,343.0,220.5,3.5,5,0.25,2,17.11,Low Level,Level 2
0.62,808.5,367.5,220.5,3.5,2,0.25,2,14.34,Low Level,Level 1
0.62,808.5,367.5,220.5,3.5,3,0.25,2,14.66,Low Level,Level 1
0.62,808.5,367.5,220.5,3.5,4,0.25,2,14.6,Low Level,Level 1
0.62,808.5,367.5,220.5,3.5,5,0.25,2,14.6,Low Level,Level 1
0.98,514.5,294.0,110.25,7.0,2,0.25,3,28.67,Low Level,Level 3
0.98,514.5,294.0,110.25,7.0,3,0.25,3,28.56,Low Level,Level 3
0.98,514.5,294.0,110.25,7.0,4,0.25,3,28.17,Low Level,Level 2
0.98,514.5,294.0,110.25,7.0,5,0.25,3,28.63,Low Level,Level 3
0.9,563.5,318.5,122.5,7.0,2,0.25,3,31.63,Low Level,Level 3
0.9,563.5,318.5,122.5,7.0,3,0.25,3,32.4,Low Level,Level 3
0.9,563.5,318.5,122.5,7.0,4,0.25,3,32.68,High Level,Level 3
0.9,563.5,318.5,122.5,7.0,5,0.25,3,32.29,Low Level,Level 3
0.86,588.0,294.0,147.0,7.0,2,0.25,3,28.4,Low Level,Level 3
0.86,588.0,294.0,147.0,7.0,3,0.25,3,29.4,Low Level,Level 3
0.86,588.0,294.0,147.0,7.0,4,0.25,3,29.43,Low Level,Level 3
0.86,588.0,294.0,147.0,7.0,5,0.25,3,29.07,Low Level,Level 3
0.82,612.5,318.5,147.0,7.0,2,0.25,3,24.7,Low Level,Level 2
0.82,612.5,318.5,147.0,7.0,3,0.25,3,25.48,Low Level,Level 2
0.82,612.5,318.5,147.0,7.0,4,0.25,3,25.37,Low Level,Level 2
0.82,612.5,318.5,147.0,7.0,5,0.25,3,25.17,Low Level,Level 2
0.79,637.0,343.0,147.0,7.0,2,0.25,3,39.04,High Level,Level 4
0.79,637.0,343.0,147.0,7.0,3,0.25,3,38.35,High Level,Level 4
0.79,637.0,343.0,147.0,7.0,4,0.25,3,39.81,High Level,Level 4
0.79,637.0,343.0,147.0,7.0,5,0.25,3,39.83,High Level,Level 4
0.76,661.5,416.5,122.5,7.0,2,0.25,3,35.99,High Level,Level 4
0.76,661.5,416.5,122.5,7.0,3,0.25,3,36.59,High Level,Level 4
0.76,661.5,416.5,122.5,7.0,4,0.25,3,35.64,High Level,Level 4
0.76,661.5,416.5,122.5,7.0,5,0.25,3,36.52,High Level,Level 4
0.74,686.0,245.0,220.5,3.5,2,0.25,3,11.8,Low Level,Level 1
0.74,686.0,245.0,220.5,3.5,3,0.25,3,12.03,Low Level,Level 1
0.74,686.0,245.0,220.5,3.5,4,0.25,3,11.98,Low Level,Level 1
0.74,686.0,245.0,220.5,3.5,5,0.25,3,11.69,Low Level,Level 1
0.71,710.5,269.5,220.5,3.5,2,0.25,3,12.41,Low Level,Level 1
0.71,710.5,269.5,220.5,3.5,3,0.25,3,12.28,Low Level,Level 1
0.71,710.5,269.5,220.5,3.5,4,0.25,3,12.1,Low Level,Level 1
0.71,710.5,269.5,220.5,3.5,5,0.25,3,12.19,Low Level,Level 1
0.69,735.0,294.0,220.5,3.5,2,0.25,3,12.34,Low Level,Level 1
0.69,735.0,294.0,220.5,3.5,3,0.25,3,12.46,Low Level,Level 1
0.69,735.0,294.0,220.5,3.5,4,0.25,3,12.31,Low Level,Level 1
0.69,735.0,294.0,220.5,3.5,5,0.25,3,12.12,Low Level,Level 1
0.66,759.5,318.5,220.5,3.5,2,0.25,3,12.97,Low Level,Level 1
0.66,759.5,318.5,220.5,3.5,3,0.25,3,13.01,Low Level,Level 1
0.66,759.5,318.5,220.5,3.5,4,0.25,3,12.74,Low Level,Level 1
0.66,759.5,318.5,220.5,3.5,5,0.25,3,12.84,Low Level,Level 1
0.64,784.0,343.0,220.5,3.5,2,0.25,3,16.83,Low Level,Level 2
0.64,784.0,343.0,220.5,3.5,3,0.25,3,16.93,Low Level,Level 2
0.64,784.0,343.0,220.5,3.5,4,0.25,3,16.66,Low Level,Level 2
0.64,784.0,343.0,220.5,3.5,5,0.25,3,16.86,Low Level,Level 2
0.62,808.5,367.5,220.5,3.5,2,0.25,3,13.91,Low Level,Level 1
0.62,808.5,367.5,220.5,3.5,3,0.25,3,14.34,Low Level,Level 1
0.62,808.5,367.5,220.5,3.5,4,0.25,3,13.95,Low Level,Level 1
0.62,808.5,367.5,220.5,3.5,5,0.25,3,13.99,Low Level,Level 1
0.98,514.5,294.0,110.25,7.0,2,0.25,4,28.7,Low Level,Level 3
0.98,514.5,294.0,110.25,7.0,3,0.25,4,28.55,Low Level,Level 3
0.98,514.5,294.0,110.25,7.0,4,0.25,4,28.15,Low Level,Level 2
0.98,514.5,294.0,110.25,7.0,5,0.25,4,28.62,Low Level,Level 3
0.9,563.5,318.5,122.5,7.0,2,0.25,4,32.67,High Level,Level 3
0.9,563.5,318.5,122.5,7.0,3,0.25,4,31.69,Low Level,Level 3
0.9,563.5,318.5,122.5,7.0,4,0.25,4,32.07,Low Level,Level 3
0.9,563.5,318.5,122.5,7.0,5,0.25,4,33.28,High Level,Level 3
0.86,588.0,294.0,147.0,7.0,2,0.25,4,29.47,Low Level,Level 3
0.86,588.0,294.0,147.0,7.0,3,0.25,4,28.42,Low Level,Level 3
0.86,588.0,294.0,147.0,7.0,4,0.25,4,29.08,Low Level,Level 3
0.86,588.0,294.0,147.0,7.0,5,0.25,4,29.88,Low Level,Level 3
0.82,612.5,318.5,147.0,7.0,2,0.25,4,25.66,Low Level,Level 2
0.82,612.5,318.5,147.0,7.0,3,0.25,4,24.96,Low Level,Level 2
0.82,612.5,318.5,147.0,7.0,4,0.25,4,25.43,Low Level,Level 2
0.82,612.5,318.5,147.0,7.0,5,0.25,4,26.0,Low Level,Level 2
0.79,637.0,343.0,147.0,7.0,2,0.25,4,40.0,High Level,Level 4
0.79,637.0,343.0,147.0,7.0,3,0.25,4,38.84,High Level,Level 4
0.79,637.0,343.0,147.0,7.0,4,0.25,4,38.33,High Level,Level 4
0.79,637.0,343.0,147.0,7.0,5,0.25,4,40.12,High Level,Level 4
0.76,661.5,416.5,122.5,7.0,2,0.25,4,36.95,High Level,Level 4
0.76,661.5,416.5,122.5,7.0,3,0.25,4,36.45,High Level,Level 4
0.76,661.5,416.5,122.5,7.0,4,0.25,4,36.81,High Level,Level 4
0.76,661.5,416.5,122.5,7.0,5,0.25,4,36.26,High Level,Level 4
0.74,686.0,245.0,220.5,3.5,2,0.25,4,12.32,Low Level,Level 1
0.74,686.0,245.0,220.5,3.5,3,0.25,4,12.3,Low Level,Level 1
0.74,686.0,245.0,220.5,3.5,4,0.25,4,12.18,Low Level,Level 1
0.74,686.0,245.0,220.5,3.5,5,0.25,4,12.43,Low Level,Level 1
0.71,710.5,269.5,220.5,3.5,2,0.25,4,12.36,Low Level,Level 1
0.71,710.5,269.5,220.5,3.5,3,0.25,4,12.49,Low Level,Level 1
0.71,710.5,269.5,220.5,3.5,4,0.25,4,12.17,Low Level,Level 1
0.71,710.5,269.5,220.5,3.5,5,0.25,4,12.28,Low Level,Level 1
0.69,735.0,294.0,220.5,3.5,2,0.25,4,12.91,Low Level,Level 1
0.69,735.0,294.0,220.5,3.5,3,0.25,4,12.95,Low Level,Level 1
0.69,735.0,294.0,220.5,3.5,4,0.25,4,12.67,Low Level,Level 1
0.69,735.0,294.0,220.5,3.5,5,0.25,4,12.86,Low Level,Level 1
0.66,759.5,318.5,220.5,3.5,2,0.25,4,12.95,Low Level,Level 1
0.66,759.5,318.5,220.5,3.5,3,0.25,4,13.0,Low Level,Level 1
0.66,759.5,318.5,220.5,3.5,4,0.25,4,12.86,Low Level,Level 1
0.66,759.5,318.5,220.5,3.5,5,0.25,4,12.92,Low Level,Level 1
0.64,784.0,343.0,220.5,3.5,2,0.25,4,16.99,Low Level,Level 2
0.64,784.0,343.0,220.5,3.5,3,0.25,4,16.69,Low Level,Level 2
0.64,784.0,343.0,220.5,3.5,4,0.25,4,16.56,Low Level,Level 2
0.64,784.0,343.0,220.5,3.5,5,0.25,4,16.62,Low Level,Level 2
0.62,808.5,367.5,220.5,3.5,2,0.25,4,14.33,Low Level,Level 1
0.62,808.5,367.5,220.5,3.5,3,0.25,4,14.61,Low Level,Level 1
0.62,808.5,367.5,220.5,3.5,4,0.25,4,14.61,Low Level,Level 1
0.62,808.5,367.5,220.5,3.5,5,0.25,4,14.65,Low Level,Level 1
0.98,514.5,294.0,110.25,7.0,2,0.25,5,28.69,Low Level,Level 3
0.98,514.5,294.0,110.25,7.0,3,0.25,5,28.58,Low Level,Level 3
0.98,514.5,294.0,110.25,7.0,4,0.25,5,28.15,Low Level,Level 2
0.98,514.5,294.0,110.25,7.0,5,0.25,5,28.61,Low Level,Level 3
0.9,563.5,318.5,122.5,7.0,2,0.25,5,33.13,High Level,Level 3
0.9,563.5,318.5,122.5,7.0,3,0.25,5,32.31,Low Level,Level 3
0.9,563.5,318.5,122.5,7.0,4,0.25,5,31.53,Low Level,Level 3
0.9,563.5,318.5,122.5,7.0,5,0.25,5,32.46,Low Level,Level 3
0.86,588.0,294.0,147.0,7.0,2,0.25,5,29.71,Low Level,Level 3
0.86,588.0,294.0,147.0,7.0,3,0.25,5,29.09,Low Level,Level 3
0.86,588.0,294.0,147.0,7.0,4,0.25,5,28.31,Low Level,Level 2
0.86,588.0,294.0,147.0,7.0,5,0.25,5,29.39,Low Level,Level 3
0.82,612.5,318.5,147.0,7.0,2,0.25,5,25.7,Low Level,Level 2
0.82,612.5,318.5,147.0,7.0,3,0.25,5,25.17,Low Level,Level 2
0.82,612.5,318.5,147.0,7.0,4,0.25,5,24.6,Low Level,Level 2
0.82,612.5,318.5,147.0,7.0,5,0.25,5,25.49,Low Level,Level 2
0.79,637.0,343.0,147.0,7.0,2,0.25,5,39.89,High Level,Level 4
0.79,637.0,343.0,147.0,7.0,3,0.25,5,39.83,High Level,Level 4
0.79,637.0,343.0,147.0,7.0,4,0.25,5,39.01,High Level,Level 4
0.79,637.0,343.0,147.0,7.0,5,0.25,5,38.65,High Level,Level 4
0.76,661.5,416.5,122.5,7.0,2,0.25,5,35.69,High Level,Level 4
0.76,661.5,416.5,122.5,7.0,3,0.25,5,36.64,High Level,Level 4
0.76,661.5,416.5,122.5,7.0,4,0.25,5,36.06,High Level,Level 4
0.76,661.5,416.5,122.5,7.0,5,0.25,5,36.7,High Level,Level 4
0.74,686.0,245.0,220.5,3.5,2,0.25,5,12.12,Low Level,Level 1
0.74,686.0,245.0,220.5,3.5,3,0.25,5,11.67,Low Level,Level 1
0.74,686.0,245.0,220.5,3.5,4,0.25,5,11.64,Low Level,Level 1
0.74,686.0,245.0,220.5,3.5,5,0.25,5,12.02,Low Level,Level 1
0.71,710.5,269.5,220.5,3.5,2,0.25,5,12.27,Low Level,Level 1
0.71,710.5,269.5,220.5,3.5,3,0.25,5,12.19,Low Level,Level 1
0.71,710.5,269.5,220.5,3.5,4,0.25,5,12.25,Low Level,Level 1
0.71,710.5,269.5,220.5,3.5,5,0.25,5,12.27,Low Level,Level 1
0.69,735.0,294.0,220.5,3.5,2,0.25,5,12.47,Low Level,Level 1
0.69,735.0,294.0,220.5,3.5,3,0.25,5,12.12,Low Level,Level 1
0.69,735.0,294.0,220.5,3.5,4,0.25,5,12.18,Low Level,Level 1
0.69,735.0,294.0,220.5,3.5,5,0.25,5,12.47,Low Level,Level 1
0.66,759.5,318.5,220.5,3.5,2,0.25,5,12.93,Low Level,Level 1
0.66,759.5,318.5,220.5,3.5,3,0.25,5,12.82,Low Level,Level 1
0.66,759.5,318.5,220.5,3.5,4,0.25,5,12.78,Low Level,Level 1
0.66,759.5,318.5,220.5,3.5,5,0.25,5,13.02,Low Level,Level 1
0.64,784.0,343.0,220.5,3.5,2,0.25,5,16.73,Low Level,Level 2
0.64,784.0,343.0,220.5,3.5,3,0.25,5,16.86,Low Level,Level 2
0.64,784.0,343.0,220.5,3.5,4,0.25,5,16.76,Low Level,Level 2
0.64,784.0,343.0,220.5,3.5,5,0.25,5,16.92,Low Level,Level 2
0.62,808.5,367.5,220.5,3.5,2,0.25,5,13.68,Low Level,Level 1
0.62,808.5,367.5,220.5,3.5,3,0.25,5,13.99,Low Level,Level 1
0.62,808.5,367.5,220.5,3.5,4,0.25,5,14.16,Low Level,Level 1
0.62,808.5,367.5,220.5,3.5,5,0.25,5,13.86,Low Level,Level 1
0.98,514.5,294.0,110.25,7.0,2,0.4,1,32.26,Low Level,Level 3
0.98,514.5,294.0,110.25,7.0,3,0.4,1,32.26,Low Level,Level 3
0.98,514.5,294.0,110.25,7.0,4,0.4,1,32.49,Low Level,Level 3
0.98,514.5,294.0,110.25,7.0,5,0.4,1,32.53,High Level,Level 3
0.9,563.5,318.5,122.5,7.0,2,0.4,1,36.47,High Level,Level 4
0.9,563.5,318.5,122.5,7.0,3,0.4,1,37.24,High Level,Level 4
0.9,563.5,318.5,122.5,7.0,4,0.4,1,36.66,High Level,Level 4
0.9,563.5,318.5,122.5,7.0,5,0.4,1,35.96,High Level,Level 4
0.86,588.0,294.0,147.0,7.0,2,0.4,1,31.89,Low Level,Level 3
0.86,588.0,294.0,147.0,7.0,3,0.4,1,32.39,Low Level,Level 3
0.86,588.0,294.0,147.0,7.0,4,0.4,1,32.09,Low Level,Level 3
0.86,588.0,294.0,147.0,7.0,5,0.4,1,31.29,Low Level,Level 3
0.82,612.5,318.5,147.0,7.0,2,0.4,1,29.22,Low Level,Level 3
0.82,612.5,318.5,147.0,7.0,3,0.4,1,29.91,Low Level,Level 3
0.82,612.5,318.5,147.0,7.0,4,0.4,1,29.53,Low Level,Level 3
0.82,612.5,318.5,147.0,7.0,5,0.4,1,28.65,Low Level,Level 3
0.79,637.0,343.0,147.0,7.0,2,0.4,1,41.4,High Level,Level 4
0.79,637.0,343.0,147.0,7.0,3,0.4,1,42.62,High Level,Level 4
0.79,637.0,343.0,147.0,7.0,4,0.4,1,42.5,High Level,Level 4
0.79,637.0,343.0,147.0,7.0,5,0.4,1,41.67,High Level,Level 4
0.76,661.5,416.5,122.5,7.0,2,0.4,1,40.78,High Level,Level 4
0.76,661.5,416.5,122.5,7.0,3,0.4,1,39.97,High Level,Level 4
0.76,661.5,416.5,122.5,7.0,4,0.4,1,40.71,High Level,Level 4
0.76,661.5,416.5,122.5,7.0,5,0.4,1,40.43,High Level,Level 4
0.74,686.0,245.0,220.5,3.5,2,0.4,1,14.52,Low Level,Level 1
0.74,686.0,245.0,220.5,3.5,3,0.4,1,14.61,Low Level,Level 1
0.74,686.0,245.0,220.5,3.5,4,0.4,1,14.5,Low Level,Level 1
0.74,686.0,245.0,220.5,3.5,5,0.4,1,14.55,Low Level,Level 1
0.71,710.5,269.5,220.5,3.5,2,0.4,1,14.51,Low Level,Level 1
0.71,710.5,269.5,220.5,3.5,3,0.4,1,14.6,Low Level,Level 1
0.71,710.5,269.5,220.5,3.5,4,0.4,1,14.5,Low Level,Level 1
0.71,710.5,269.5,220.5,3.5,5,0.4,1,14.58,Low Level,Level 1
0.69,735.0,294.0,220.5,3.5,2,0.4,1,14.51,Low Level,Level 1
0.69,735.0,294.0,220.5,3.5,3,0.4,1,14.7,Low Level,Level 1
0.69,735.0,294.0,220.5,3.5,4,0.4,1,14.42,Low Level,Level 1
0.69,735.0,294.0,220.5,3.5,5,0.4,1,14.42,Low Level,Level 1
0.66,759.5,318.5,220.5,3.5,2,0.4,1,15.23,Low Level,Level 1
0.66,759.5,318.5,220.5,3.5,3,0.4,1,15.23,Low Level,Level 1
0.66,759.5,318.5,220.5,3.5,4,0.4,1,15.23,Low Level,Level 1
0.66,759.5,318.5,220.5,3.5,5,0.4,1,15.23,Low Level,Level 1
0.64,784.0,343.0,220.5,3.5,2,0.4,1,19.52,Low Level,Level 2
0.64,784.0,343.0,220.5,3.5,3,0.4,1,19.36,Low Level,Level 2
0.64,784.0,343.0,220.5,3.5,4,0.4,1,19.48,Low Level,Level 2
0.64,784.0,343.0,220.5,3.5,5,0.4,1,19.42,Low Level,Level 2
0.62,808.5,367.5,220.5,3.5,2,0.4,1,15.09,Low Level,Level 1
0.62,808.5,367.5,220.5,3.5,3,0.4,1,17.17,Low Level,Level 2
0.62,808.5,367.5,220.5,3.5,4,0.4,1,17.14,Low Level,Level 2
0.62,808.5,367.5,220.5,3.5,5,0.4,1,17.14,Low Level,Level 2
0.98,514.5,294.0,110.25,7.0,2,0.4,2,32.82,High Level,Level 3
0.98,514.5,294.0,110.25,7.0,3,0.4,2,32.71,High Level,Level 3
0.98,514.5,294.0,110.25,7.0,4,0.4,2,32.24,Low Level,Level 3
0.98,514.5,294.0,110.25,7.0,5,0.4,2,32.72,High Level,Level 3
0.9,563.5,318.5,122.5,7.0,2,0.4,2,35.84,High Level,Level 4
0.9,563.5,318.5,122.5,7.0,3,0.4,2,36.57,High Level,Level 4
0.9,563.5,318.5,122.5,7.0,4,0.4,2,36.06,High Level,Level 4
0.9,563.5,318.5,122.5,7.0,5,0.4,2,35.69,High Level,Level 4
0.86,588.0,294.0,147.0,7.0,2,0.4,2,32.48,Low Level,Level 3
0.86,588.0,294.0,147.0,7.0,3,0.4,2,32.74,High Level,Level 3
0.86,588.0,294.0,147.0,7.0,4,0.4,2,32.13,Low Level,Level 3
0.86,588.0,294.0,147.0,7.0,5,0.4,2,31.64,Low Level,Level 3
0.82,612.5,318.5,147.0,7.0,2,0.4,2,28.95,Low Level,Level 3
0.82,612.5,318.5,147.0,7.0,3,0.4,2,29.49,Low Level,Level 3
0.82,612.5,318.5,147.0,7.0,4,0.4,2,28.64,Low Level,Level 3
0.82,612.5,318.5,147.0,7.0,5,0.4,2,28.01,Low Level,Level 2
0.79,637.0,343.0,147.0,7.0,2,0.4,2,41.64,High Level,Level 4
0.79,637.0,343.0,147.0,7.0,3,0.4,2,43.1,High Level,Level 4
0.79,637.0,343.0,147.0,7.0,4,0.4,2,42.74,High Level,Level 4
0.79,637.0,343.0,147.0,7.0,5,0.4,2,41.92,High Level,Level 4
0.76,661.5,416.5,122.5,7.0,2,0.4,2,40.78,High Level,Level 4
0.76,661.5,416.5,122.5,7.0,3,0.4,2,40.15,High Level,Level 4
0.76,661.5,416.5,122.5,7.0,4,0.4,2,40.57,High Level,Level 4
0.76,661.5,416.5,122.5,7.0,5,0.4,2,40.42,High Level,Level 4
0.74,686.0,245.0,220.5,3.5,2,0.4,2,14.54,Low Level,Level 1
0.74,686.0,245.0,220.5,3.5,3,0.4,2,14.45,Low Level,Level 1
0.74,686.0,245.0,220.5,3.5,4,0.4,2,14.18,Low Level,Level 1
0.74,686.0,245.0,220.5,3.5,5,0.4,2,14.5,Low Level,Level 1
0.71,710.5,269.5,220.5,3.5,2,0.4,2,14.7,Low Level,Level 1
0.71,710.5,269.5,220.5,3.5,3,0.4,2,14.66,Low Level,Level 1
0.71,710.5,269.5,220.5,3.5,4,0.4,2,14.4,Low Level,Level 1
0.71,710.5,269.5,220.5,3.5,5,0.4,2,14.71,Low Level,Level 1
0.69,735.0,294.0,220.5,3.5,2,0.4,2,14.75,Low Level,Level 1
0.69,735.0,294.0,220.5,3.5,3,0.4,2,14.71,Low Level,Level 1
0.69,735.0,294.0,220.5,3.5,4,0.4,2,14.33,Low Level,Level 1
0.69,735.0,294.0,220.5,3.5,5,0.4,2,14.62,Low Level,Level 1
0.66,759.5,318.5,220.5,3.5,2,0.4,2,15.34,Low Level,Level 1
0.66,759.5,318.5,220.5,3.5,3,0.4,2,15.29,Low Level,Level 1
0.66,759.5,318.5,220.5,3.5,4,0.4,2,15.09,Low Level,Level 1
0.66,759.5,318.5,220.5,3.5,5,0.4,2,15.3,Low Level,Level 1
0.64,784.0,343.0,220.5,3.5,2,0.4,2,19.2,Low Level,Level 2
0.64,784.0,343.0,220.5,3.5,3,0.4,2,18.88,Low Level,Level 2
0.64,784.0,343.0,220.5,3.5,4,0.4,2,18.9,Low Level,Level 2
0.64,784.0,343.0,220.5,3.5,5,0.4,2,19.12,Low Level,Level 2
0.62,808.5,367.5,220.5,3.5,2,0.4,2,16.76,Low Level,Level 2
0.62,808.5,367.5,220.5,3.5,3,0.4,2,17.23,Low Level,Level 2
0.62,808.5,367.5,220.5,3.5,4,0.4,2,17.26,Low Level,Level 2
0.62,808.5,367.5,220.5,3.5,5,0.4,2,17.15,Low Level,Level 2
0.98,514.5,294.0,110.25,7.0,2,0.4,3,32.82,High Level,Level 3
0.98,514.5,294.0,110.25,7.0,3,0.4,3,32.69,High Level,Level 3
0.98,514.5,294.0,110.25,7.0,4,0.4,3,32.23,Low Level,Level 3
0.98,514.5,294.0,110.25,7.0,5,0.4,3,32.75,High Level,Level 3
0.9,563.5,318.5,122.5,7.0,2,0.4,3,34.24,High Level,Level 3
0.9,563.5,318.5,122.5,7.0,3,0.4,3,34.95,High Level,Level 3
0.9,563.5,318.5,122.5,7.0,4,0.4,3,35.05,High Level,Level 4
0.9,563.5,318.5,122.5,7.0,5,0.4,3,34.29,High Level,Level 3
0.86,588.0,294.0,147.0,7.0,2,0.4,3,31.28,Low Level,Level 3
0.86,588.0,294.0,147.0,7.0,3,0.4,3,32.12,Low Level,Level 3
0.86,588.0,294.0,147.0,7.0,4,0.4,3,32.05,Low Level,Level 3
0.86,588.0,294.0,147.0,7.0,5,0.4,3,31.84,Low Level,Level 3
0.82,612.5,318.5,147.0,7.0,2,0.4,3,28.67,Low Level,Level 3
0.82,612.5,318.5,147.0,7.0,3,0.4,3,29.67,Low Level,Level 3
0.82,612.5,318.5,147.0,7.0,4,0.4,3,29.47,Low Level,Level 3
0.82,612.5,318.5,147.0,7.0,5,0.4,3,28.91,Low Level,Level 3
0.79,637.0,343.0,147.0,7.0,2,0.4,3,41.26,High Level,Level 4
0.79,637.0,343.0,147.0,7.0,3,0.4,3,41.3,High Level,Level 4
0.79,637.0,343.0,147.0,7.0,4,0.4,3,42.49,High Level,Level 4
0.79,637.0,343.0,147.0,7.0,5,0.4,3,42.08,High Level,Level 4
0.76,661.5,416.5,122.5,7.0,2,0.4,3,39.32,High Level,Level 4
0.76,661.5,416.5,122.5,7.0,3,0.4,3,39.84,High Level,Level 4
0.76,661.5,416.5,122.5,7.0,4,0.4,3,38.89,High Level,Level 4
0.76,661.5,416.5,122.5,7.0,5,0.4,3,39.68,High Level,Level 4
0.74,686.0,245.0,220.5,3.5,2,0.4,3,13.97,Low Level,Level 1
0.74,686.0,245.0,220.5,3.5,3,0.4,3,14.22,Low Level,Level 1
0.74,686.0,245.0,220.5,3.5,4,0.4,3,14.1,Low Level,Level 1
0.74,686.0,245.0,220.5,3.5,5,0.4,3,13.78,Low Level,Level 1
0.71,710.5,269.5,220.5,3.5,2,0.4,3,14.07,Low Level,Level 1
0.71,710.5,269.5,220.5,3.5,3,0.4,3,14.03,Low Level,Level 1
0.71,710.5,269.5,220.5,3.5,4,0.4,3,13.94,Low Level,Level 1
0.71,710.5,269.5,220.5,3.5,5,0.4,3,13.86,Low Level,Level 1
0.69,735.0,294.0,220.5,3.5,2,0.4,3,14.32,Low Level,Level 1
0.69,735.0,294.0,220.5,3.5,3,0.4,3,14.56,Low Level,Level 1
0.69,735.0,294.0,220.5,3.5,4,0.4,3,14.33,Low Level,Level 1
0.69,735.0,294.0,220.5,3.5,5,0.4,3,14.08,Low Level,Level 1
0.66,759.5,318.5,220.5,3.5,2,0.4,3,15.16,Low Level,Level 1
0.66,759.5,318.5,220.5,3.5,3,0.4,3,15.18,Low Level,Level 1
0.66,759.5,318.5,220.5,3.5,4,0.4,3,14.72,Low Level,Level 1
0.66,759.5,318.5,220.5,3.5,5,0.4,3,14.9,Low Level,Level 1
0.64,784.0,343.0,220.5,3.5,2,0.4,3,18.48,Low Level,Level 2
0.64,784.0,343.0,220.5,3.5,3,0.4,3,18.71,Low Level,Level 2
0.64,784.0,343.0,220.5,3.5,4,0.4,3,18.48,Low Level,Level 2
0.64,784.0,343.0,220.5,3.5,5,0.4,3,18.46,Low Level,Level 2
0.62,808.5,367.5,220.5,3.5,2,0.4,3,16.47,Low Level,Level 2
0.62,808.5,367.5,220.5,3.5,3,0.4,3,16.35,Low Level,Level 2
0.62,808.5,367.5,220.5,3.5,4,0.4,3,16.55,Low Level,Level 2
0.62,808.5,367.5,220.5,3.5,5,0.4,3,16.74,Low Level,Level 2
0.98,514.5,294.0,110.25,7.0,2,0.4,4,32.85,High Level,Level 3
0.98,514.5,294.0,110.25,7.0,3,0.4,4,32.67,High Level,Level 3
0.98,514.5,294.0,110.25,7.0,4,0.4,4,32.21,Low Level,Level 3
0.98,514.5,294.0,110.25,7.0,5,0.4,4,32.74,High Level,Level 3
0.9,563.5,318.5,122.5,7.0,2,0.4,4,36.45,High Level,Level 4
0.9,563.5,318.5,122.5,7.0,3,0.4,4,35.73,High Level,Level 4
0.9,563.5,318.5,122.5,7.0,4,0.4,4,35.4,High Level,Level 4
0.9,563.5,318.5,122.5,7.0,5,0.4,4,36.57,High Level,Level 4
0.86,588.0,294.0,147.0,7.0,2,0.4,4,32.38,Low Level,Level 3
0.86,588.0,294.0,147.0,7.0,3,0.4,4,31.66,Low Level,Level 3
0.86,588.0,294.0,147.0,7.0,4,0.4,4,32.15,Low Level,Level 3
0.86,588.0,294.0,147.0,7.0,5,0.4,4,32.75,High Level,Level 3
0.82,612.5,318.5,147.0,7.0,2,0.4,4,28.93,Low Level,Level 3
0.82,612.5,318.5,147.0,7.0,3,0.4,4,28.05,Low Level,Level 2
0.82,612.5,318.5,147.0,7.0,4,0.4,4,28.64,Low Level,Level 3
0.82,612.5,318.5,147.0,7.0,5,0.4,4,29.52,Low Level,Level 3
0.79,637.0,343.0,147.0,7.0,2,0.4,4,42.77,High Level,Level 4
0.79,637.0,343.0,147.0,7.0,3,0.4,4,41.73,High Level,Level 4
0.79,637.0,343.0,147.0,7.0,4,0.4,4,41.32,High Level,Level 4
0.79,637.0,343.0,147.0,7.0,5,0.4,4,42.96,High Level,Level 4
0.76,661.5,416.5,122.5,7.0,2,0.4,4,40.68,High Level,Level 4
0.76,661.5,416.5,122.5,7.0,3,0.4,4,40.4,High Level,Level 4
0.76,661.5,416.5,122.5,7.0,4,0.4,4,40.6,High Level,Level 4
0.76,661.5,416.5,122.5,7.0,5,0.4,4,40.11,High Level,Level 4
0.74,686.0,245.0,220.5,3.5,2,0.4,4,14.37,Low Level,Level 1
0.74,686.0,245.0,220.5,3.5,3,0.4,4,14.48,Low Level,Level 1
0.74,686.0,245.0,220.5,3.5,4,0.4,4,14.32,Low Level,Level 1
0.74,686.0,245.0,220.5,3.5,5,0.4,4,14.44,Low Level,Level 1
0.71,710.5,269.5,220.5,3.5,2,0.4,4,14.6,Low Level,Level 1
0.71,710.5,269.5,220.5,3.5,3,0.4,4,14.7,Low Level,Level 1
0.71,710.5,269.5,220.5,3.5,4,0.4,4,14.47,Low Level,Level 1
0.71,710.5,269.5,220.5,3.5,5,0.4,4,14.66,Low Level,Level 1
0.69,735.0,294.0,220.5,3.5,2,0.4,4,14.54,Low Level,Level 1
0.69,735.0,294.0,220.5,3.5,3,0.4,4,14.62,Low Level,Level 1
0.69,735.0,294.0,220.5,3.5,4,0.4,4,14.53,Low Level,Level 1
0.69,735.0,294.0,220.5,3.5,5,0.4,4,14.71,Low Level,Level 1
0.66,759.5,318.5,220.5,3.5,2,0.4,4,15.34,Low Level,Level 1
0.66,759.5,318.5,220.5,3.5,3,0.4,4,15.29,Low Level,Level 1
0.66,759.5,318.5,220.5,3.5,4,0.4,4,15.09,Low Level,Level 1
0.66,759.5,318.5,220.5,3.5,5,0.4,4,15.3,Low Level,Level 1
0.64,784.0,343.0,220.5,3.5,2,0.4,4,19.06,Low Level,Level 2
0.64,784.0,343.0,220.5,3.5,3,0.4,4,19.13,Low Level,Level 2
0.64,784.0,343.0,220.5,3.5,4,0.4,4,19.0,Low Level,Level 2
0.64,784.0,343.0,220.5,3.5,5,0.4,4,18.84,Low Level,Level 2
0.62,808.5,367.5,220.5,3.5,2,0.4,4,16.44,Low Level,Level 2
0.62,808.5,367.5,220.5,3.5,3,0.4,4,16.9,Low Level,Level 2
0.62,808.5,367.5,220.5,3.5,4,0.4,4,16.94,Low Level,Level 2
0.62,808.5,367.5,220.5,3.5,5,0.4,4,16.77,Low Level,Level 2
0.98,514.5,294.0,110.25,7.0,2,0.4,5,32.84,High Level,Level 3
0.98,514.5,294.0,110.25,7.0,3,0.4,5,32.72,High Level,Level 3
0.98,514.5,294.0,110.25,7.0,4,0.4,5,32.21,Low Level,Level 3
0.98,514.5,294.0,110.25,7.0,5,0.4,5,32.73,High Level,Level 3
0.9,563.5,318.5,122.5,7.0,2,0.4,5,35.67,High Level,Level 4
0.9,563.5,318.5,122.5,7.0,3,0.4,5,35.01,High Level,Level 4
0.9,563.5,318.5,122.5,7.0,4,0.4,5,34.72,High Level,Level 3
0.9,563.5,318.5,122.5,7.0,5,0.4,5,35.24,High Level,Level 4
0.86,588.0,294.0,147.0,7.0,2,0.4,5,32.31,Low Level,Level 3
0.86,588.0,294.0,147.0,7.0,3,0.4,5,31.81,Low Level,Level 3
0.86,588.0,294.0,147.0,7.0,4,0.4,5,31.12,Low Level,Level 3
0.86,588.0,294.0,147.0,7.0,5,0.4,5,32.06,Low Level,Level 3
0.82,612.5,318.5,147.0,7.0,2,0.4,5,30.0,Low Level,Level 3
0.82,612.5,318.5,147.0,7.0,3,0.4,5,29.5,Low Level,Level 3
0.82,612.5,318.5,147.0,7.0,4,0.4,5,29.06,Low Level,Level 3
0.82,612.5,318.5,147.0,7.0,5,0.4,5,29.92,Low Level,Level 3
0.79,637.0,343.0,147.0,7.0,2,0.4,5,42.11,High Level,Level 4
0.79,637.0,343.0,147.0,7.0,3,0.4,5,41.96,High Level,Level 4
0.79,637.0,343.0,147.0,7.0,4,0.4,5,41.09,High Level,Level 4
0.79,637.0,343.0,147.0,7.0,5,0.4,5,40.79,High Level,Level 4
0.76,661.5,416.5,122.5,7.0,2,0.4,5,38.82,High Level,Level 4
0.76,661.5,416.5,122.5,7.0,3,0.4,5,39.72,High Level,Level 4
0.76,661.5,416.5,122.5,7.0,4,0.4,5,39.31,High Level,Level 4
0.76,661.5,416.5,122.5,7.0,5,0.4,5,39.86,High Level,Level 4
0.74,686.0,245.0,220.5,3.5,2,0.4,5,14.41,Low Level,Level 1
0.74,686.0,245.0,220.5,3.5,3,0.4,5,14.19,Low Level,Level 1
0.74,686.0,245.0,220.5,3.5,4,0.4,5,14.17,Low Level,Level 1
0.74,686.0,245.0,220.5,3.5,5,0.4,5,14.39,Low Level,Level 1
0.71,710.5,269.5,220.5,3.5,2,0.4,5,12.43,Low Level,Level 1
0.71,710.5,269.5,220.5,3.5,3,0.4,5,12.63,Low Level,Level 1
0.71,710.5,269.5,220.5,3.5,4,0.4,5,12.76,Low Level,Level 1
0.71,710.5,269.5,220.5,3.5,5,0.4,5,12.42,Low Level,Level 1
0.69,735.0,294.0,220.5,3.5,2,0.4,5,14.12,Low Level,Level 1
0.69,735.0,294.0,220.5,3.5,3,0.4,5,14.28,Low Level,Level 1
0.69,735.0,294.0,220.5,3.5,4,0.4,5,14.37,Low Level,Level 1
0.69,735.0,294.0,220.5,3.5,5,0.4,5,14.21,Low Level,Level 1
0.66,759.5,318.5,220.5,3.5,2,0.4,5,14.96,Low Level,Level 1
0.66,759.5,318.5,220.5,3.5,3,0.4,5,14.92,Low Level,Level 1
0.66,759.5,318.5,220.5,3.5,4,0.4,5,14.92,Low Level,Level 1
0.66,759.5,318.5,220.5,3.5,5,0.4,5,15.16,Low Level,Level 1
0.64,784.0,343.0,220.5,3.5,2,0.4,5,17.69,Low Level,Level 2
0.64,784.0,343.0,220.5,3.5,3,0.4,5,18.19,Low Level,Level 2
0.64,784.0,343.0,220.5,3.5,4,0.4,5,18.16,Low Level,Level 2
0.64,784.0,343.0,220.5,3.5,5,0.4,5,17.88,Low Level,Level 2
0.62,808.5,367.5,220.5,3.5,2,0.4,5,16.54,Low Level,Level 2
0.62,808.5,367.5,220.5,3.5,3,0.4,5,16.44,Low Level,Level 2
0.62,808.5,367.5,220.5,3.5,4,0.4,5,16.48,Low Level,Level 2
0.62,808.5,367.5,220.5,3.5,5,0.4,5,16.64,Low Level,Level 2
